ID,GlideNumber,Country,OtherCountry,long,lat,Area,Began,Ended,Validation,Dead,Displaced,MainCause,Severity,zipcode
9,0,USA,0,-85.1742,40.6691,210527.96,1985-02-22,1985-03-01,News,7,2250,Rain and snowmelt,2.0,46781
11,0,USA,0,-89.5537,40.6814,26266.14,1985-03-03,1985-03-08,News,4,2400,Rain and snowmelt,2.0,61611
12,0,USA,0,-108.093,35.3824,26527.13,1985-03-13,1985-03-14,News,0,80,Rain and snowmelt,1.0,87045
13,0,USA,0,-96.7845,29.6044,141508.0,1985-03-14,1985-03-15,News,0,0,Heavy rain,1.0,78962
14,0,USA,0,-83.5377,42.0122,16883.54,1985-03-30,1985-03-31,News,0,300,Heavy rain,1.0,48159
16,0,USA,0,-96.8425,28.5802,17192.76,1985-04-11,1985-04-12,News,1,200,Heavy rain,1.0,77990
18,0,USA,0,-87.8805,46.4938,5123.72,1985-04-24,1985-04-25,News,0,400,Rain and snowmelt,2.0,49814
19,0,USA,0,-105.275,34.8628,116344.02,1985-05-11,1985-05-12,News,2,0,Heavy rain,1.0,88321
20,0,USA,0,-66.706,18.2291,1423.92,1985-05-19,1985-05-20,News,2,4500,Heavy rain,1.0,00641
24,0,USA,0,-99.4494,33.6977,83470.44,1985-06-05,1985-06-06,News,6,100,Heavy rain,1.0,76380
25,0,USA,0,-96.1011,36.3581,9865.44,1985-06-10,1985-06-11,News,0,320,Heavy rain,2.0,74070
31,0,USA,0,-80.5923,38.9381,24269.06,1985-07-09,1985-07-10,News,2,200,Torrential rain,1.0,26412
37,0,USA,0,-85.7798,34.4872,2440.1,1985-07-24,1985-07-25,News,0,100,Heavy rain,1.0,35986
39,0,USA,0,-105.091,41.6853,17922.86,1985-08-02,1985-08-03,News,12,0,Torrential rain,2.0,82210
46,0,USA,0,-82.3489,28.5438,73968.61,1985-08-30,1985-09-05,News,4,1000000,Tropical cyclone,1.0,34601
50,0,USA,0,-83.8824,43.242,3235.32,1985-09-06,1985-09-09,News,0,160,Torrential rain,2.0,48417
57,0,USA,0,-66.635,18.2233,7219.8,1985-10-06,1985-10-08,News,99,6200,Tropical cyclone,1.0,00664
62,0,USA,0,-98.6949,31.7526,61286.27,1985-10-19,1985-10-21,News,3,0,Heavy rain,1.0,76432
64,0,USA,0,-90.0003,29.542,9355.65,1985-10-26,1985-10-30,News,0,400000,Tropical cyclone,2.0,70083
65,0,USA,0,-78.4543,38.837,57867.01,1985-11-01,1985-11-09,News,54,18000,Heavy rain,2.0,22652
69,0,USA,0,-82.8186,42.6864,2796.82,1985-12-30,1985-12-31,News,0,100,Heavy rain,1.0,48051
70,0,USA,0,-116.954,44.0047,1742.13,1986-01-01,1986-01-06,News,0,100,Ice jam/break-up,1.0,83619
72,0,USA,0,-121.38,39.2816,88717.35,1986-02-12,1986-02-27,News,18,30000,Torrential rain,2.0,95918
74,0,USA,0,-87.8814,45.0248,4321.14,1986-03-27,1986-04-05,News,2,496,Ice jam/break-up,1.0,54157
79,0,USA,0,-89.8357,37.2733,6447.33,1986-05-15,1986-05-15,News,3,0,Torrential rain,1.0,63785
81,0,USA,0,-97.2966,32.4344,5256.42,1986-05-24,1986-05-24,News,3,100,Torrential rain,1.0,76059
83,0,USA,0,-79.7424,40.604,1700.14,1986-05-30,1986-05-31,News,8,10,Torrential rain,1.0,15014
84,0,USA,0,-97.8369,29.6932,26949.32,1986-05-31,1986-06-11,News,10,3500,Torrential rain,1.0,78638
87,0,USA,0,-94.1582,31.1451,25821.21,1986-06-27,1986-06-30,News,1,1000,Tropical cyclone,1.0,75931
88,0,USA,0,-94.9169,41.7178,6985.68,1986-07-01,1986-07-02,News,1,640,Heavy rain,2.0,50025
97,0,USA,0,-88.2263,42.894,6562.47,1986-08-06,1986-08-06,News,1,250,Torrential rain,1.0,53103
100,0,USA,0,-81.5473,34.3153,3757.12,1986-08-18,1986-08-21,News,2,125,Heavy rain,1.0,29108
102,0,USA,0,-102.223,31.9611,49574.37,1986-09-02,1986-09-05,News,3,0,Heavy rain,1.0,79765
104,0,USA,0,-84.4959,43.1135,53960.13,1986-09-09,1986-09-17,News,6,4000,Torrential rain,2.0,48807
105,0,USA,0,-107.522,48.0263,49214.9,1986-09-25,1986-10-05,News,1,700,Heavy rain,2.0,59538
107,0,USA,0,-90.6864,38.8855,107660.8,1986-09-26,1986-10-13,News,10,55000,Heavy rain,2.0,63366
113,0,USA,0,-122.012,47.6776,26882.0,1986-11-23,1986-11-26,News,0,2000,Rain and snowmelt,2.0,98053
127,0,USA,,-69.4556,44.7173,39618.48,1987-03-31,1987-04-09,News,5,5000,Snowmelt,2.0,04922
133,0,USA,0,-95.2617,40.5924,36413.61,1987-05-26,1987-05-30,News,2,2200,Torrential rain,2.0,51647
137,0,USA,0,-82.6341,40.5807,11883.86,1987-07-02,1987-07-03,News,0,2100,Heavy rain,2.0,44904
142,0,USA,0,-98.7832,29.9247,999.46,1987-07-17,1987-07-17,News,9,0,Heavy rain,2.0,78013
150,0,USA,0,-75.9401,40.4228,12008.56,1987-09-08,1987-09-09,News,1,120,Heavy rain,1.0,19605
161,0,USA,0,-90.0017,35.3657,16161.0,1987-12-25,1987-12-29,News,3,6000,Heavy rain,2.0,38053
162,0,USA,0,-157.782,21.3825,385.696,1988-01-01,1988-01-02,News,0,2800,Heavy rain,1.0,96744
165,0,USA,0,-90.22,30.6473,2708.65,1988-02-01,1988-02-04,News,3,0,Heavy rain,1.0,70437
247,0,USA,0,-82.4462,27.7659,6517.48,1988-09-06,1988-09-09,News,7,1000,Heavy rain,2.0,33572
283,0,USA,0,-80.5875,25.9628,25065.05,1989-02-01,1989-02-02,News,7,4000,Torrential rain,1.0,33332
287,0,USA,0,-79.6533,38.0302,31247.12,1989-02-11,1989-02-13,News,7,17000,Heavy rain,1.0,24460
288,0,USA,0,-111.949,33.0264,2609.29,1989-02-13,1989-02-18,News,5,0,Heavy rain,1.0,85138
295,0,USA,0,-91.3226,32.5555,100390.64,1989-03-29,1989-04-01,News,1,0,Heavy rain,1.0,71286
292,0,USA,0,-82.0067,39.8812,2594.47,1989-03-18,1989-03-27,News,15,0,Heavy rain,1.0,43771
294,0,USA,0,-95.0101,38.3888,10933.94,1989-03-26,1989-04-11,News,3,0,Heavy rain,1.0,66072
298,0,USA,0,-120.672,43.819,154568.76,1989-04-09,1989-04-19,News,45,306000,Heavy rain,2.0,97712
301,0,USA,0,-95.4192,31.6443,185647.99,1989-05-15,1989-05-20,News,6,400,Heavy rain,1.0,75839
372,0,USA,0,-94.5385,29.5712,6299.03,1989-10-15,1989-10-16,News,2,0,Tropical cyclone,1.0,77514
302,0,USA,0,-73.1368,44.2546,8896.71,1989-05-24,1989-05-26,News,151,336000,Extra-tropical cyclone,1.0,05473
304,0,USA,0,-93.4054,37.2492,320834.55,1989-06-02,1989-06-05,News,270,175000,Heavy rain,1.0,65781
347,0,USA,0,-87.1388,37.1913,54973.9,1989-08-04,1989-08-07,News,0,0,Heavy rain,1.0,42345
384,0,USA,0,-152.61,61.2749,15158.67,1989-12-15,1990-01-15,News,0,0,Heavy rain,1.0,
386,0,USA,0,-123.094,45.0135,86746.69,1990-01-09,1990-01-11,News,4,3000,Heavy rain,2.0,97304
390,0,USA,0,-91.1159,30.6182,7561.74,1990-01-26,1990-01-30,News,0,150,Heavy rain,1.0,70714
400,0,USA,0,-84.8524,31.07,162225.07,1990-03-16,1990-03-24,News,15,6000,Heavy rain,1.0,39845
408,0,USA,0,-95.1282,32.6703,277912.44,1990-04-26,1990-06-01,News,13,4668,Heavy rain,2.0,75755
416,0,USA,0,-90.7024,32.7316,4890.14,1990-05-31,1990-06-02,News,0,200,Torrential rain,2.0,39088
420,0,USA,0,-80.9321,40.2508,5167.77,1990-06-15,1990-06-16,News,26,440,Torrential rain,1.0,43907
424,0,USA,0,-89.3548,40.4346,31630.43,1990-06-20,1990-06-22,News,1,0,Heavy rain,1.0,61759
439,0,USA,0,-91.8472,42.3526,31886.96,1990-07-28,1990-08-04,News,0,0,Heavy rain,1.0,52329
444,0,USA,0,-71.7534,44.0063,20288.6,1990-08-07,1990-08-11,News,0,400,Heavy rain,1.0,03262
448,0,USA,0,-90.7101,41.5583,502367.64,1990-08-18,1990-08-24,News,0,4000,Heavy rain,1.0,52773
456,0,USA,0,-81.3044,39.4546,45800.49,1990-09-07,1990-09-09,News,5,300,Heavy rain,1.0,45773
465,0,USA,0,-81.5019,29.5249,76698.69,1990-10-04,1990-10-06,News,6,1500,Tropical cyclone,1.0,32181
481,0,USA,0,-121.84,48.038,23287.94,1990-11-10,1990-11-15,News,0,500,Heavy rain,1.0,98252
483,0,USA,0,-86.6825,40.9323,21311.21,1990-11-26,1990-11-30,News,2,1000,Heavy rain,1.0,46985
487,0,USA,0,-83.122,39.9139,177858.71,1990-12-31,1991-01-03,News,0,3500,Heavy rain,1.0,43119
499,0,USA,0,-157.952,21.537,875.511,1991-03-19,1991-03-25,News,0,200,Heavy rain,1.0,96717
504,0,USA,0,-97.6654,27.4406,32172.36,1991-04-05,1991-04-09,News,0,0,Heavy rain,1.0,78343
506,0,USA,0,-91.338,32.0501,119197.31,1991-04-28,1991-05-02,News,0,10000,Heavy rain,1.0,71357
509,0,USA,0,-147.426,64.8145,22130.06,1991-05-03,1991-05-07,News,2,800,Ice jam or ice break-up,1.0,99705
522,0,USA,0,-92.341,31.1619,78319.43,1991-06-11,1991-06-12,News,2,0,Torrential rain,1.0,71302
565,0,USA,0,-75.4917,40.0211,2578.11,1991-08-10,1991-08-12,News,0,200,Heavy rain,1.0,19355
567,0,USA,0,-97.4674,32.5172,14207.43,1991-08-12,1991-08-14,News,1,0,Heavy rain,1.0,76044
579,0,USA,0,-111.924,41.0624,24977.94,1991-09-05,1991-09-08,News,0,0,Heavy rain,2.0,84040
584,0,USA,0,-99.8947,28.8035,70880.61,1991-09-14,1991-09-16,News,0,0,Heavy rain,1.0,78839
593,0,USA,0,-80.4231,26.2763,10405.21,1991-10-08,1991-10-13,News,0,0,Heavy rain,1.0,33076
601,0,USA,0,-82.9024,40.0517,210359.75,1991-12-02,1991-12-03,News,4,0,Heavy rain,1.0,43230
606,0,USA,0,-159.554,22.0615,1319.59,1991-12-14,1991-12-16,News,3,200,Heavy rain,1.0,96741
608,0,USA,0,-95.9628,29.4697,7420.85,1991-12-18,1991-12-31,News,15,1800,Heavy rain,1.0,77417
623,0,USA,0,-118.115,34.0486,4604.18,1992-02-10,1992-02-12,News,8,0,Heavy rain,2.0,91755
629,0,USA,0,-95.3426,29.8372,6381.18,1992-03-04,1992-03-06,News,1,0,Heavy rain,1.0,77093
631,0,USA,0,-72.5285,44.2707,1311.44,1992-03-12,1992-03-14,News,0,0,Ice jam/break-up,2.0,05651
651,0,USA,0,-72.7314,41.5946,4609.14,1992-06-05,1992-06-06,News,0,250,Heavy rain,1.0,06023
661,0,USA,0,-91.874,39.309,33289.42,1992-06-30,1992-07-06,News,0,600,Heavy rain,1.0,65282
684,0,USA,0,-81.35,26.3061,68137.19,1992-08-26,1992-08-27,News,20,1800000,Extra-tropical cyclone,1.0,34142
693,0,USA,0,-159.539,22.064,2901.55,1992-09-10,1992-09-12,News,3,25000,Tropical cyclone,1.0,96741
715,0,USA,0,-85.1568,29.6764,83.3733,1992-11-29,1992-11-29,News,3,0,Tropical cyclone,1.0,32320
726,0,USA,0,-90.7209,29.9467,42375.04,1993-01-20,1993-01-21,News,0,200,Torrential rain,2.0,70090
732,0,USA,0,-113.753,32.8796,7406.56,1993-02-23,1993-03-06,News,1,1600,Heavy rain,1.0,85347
733,0,USA,0,-97.6983,41.7158,25231.12,1993-03-07,1993-03-12,News,2,1500,Snowmelt,1.0,68644
752,0,USA,Mexico,-88.8702,19.839,168818.57,1993-06-21,1993-06-23,News,9,12000,Heavy rain,1.0,
754,0,USA,0,-92.4812,40.3582,444971.26,1993-06-24,1993-08-23,News,48,31000,Heavy rain,2.0,63546
772,0,USA,0,-99.7646,41.6111,579.318,1993-08-21,1993-08-22,News,0,0,Heavy rain,2.0,68813
782,0,USA,0,-94.6207,36.764,31766.69,1993-09-22,1993-09-28,News,0,2500,Torrential rain,2.0,64865
799,0,USA,0,-91.5834,34.0563,33628.03,1993-11-13,1993-11-16,News,5,600,Heavy rain,2.0,71643
836,0,USA,0,-85.308,33.0034,179822.05,1994-03-24,1994-03-28,News,35,0,Torrential rain,1.0,36855
841,0,USA,0,-97.9613,36.8932,644301.28,1994-04-09,1994-04-18,News,6,4000,Rain and snowmelt,1.0,73771
853,0,USA,0,-83.6886,37.0272,13311.18,1994-06-22,1994-06-27,News,2,0,Heavy rain,1.0,40999
856,0,USA,0,-84.3318,31.07,167722.97,1994-07-01,1994-07-15,News,32,20000,Tropical cyclone,1.0,39827
905,0,USA,0,-95.2737,30.2009,72987.24,1994-10-17,1994-10-23,News,19,10000,Heavy rain,1.0,77302
927,0,USA,0,-122.59,39.6057,81499.15,1995-01-03,1995-01-17,News,11,6000,Heavy rain,1.0,95939
940,0,USA,0,-121.562,38.7256,196019.62,1995-03-08,1995-03-20,News,15,10000,Rain and snowmelt,1.0,95836
948,0,USA,0,-90.104,29.9011,19344.57,1995-05-07,1995-05-13,News,6,20000,Heavy rain,1.0,70115
950,0,USA,0,-89.5648,36.7237,472141.86,1995-05-10,1995-06-01,News,3,5000,Heavy rain,1.0,63867
979,0,USA,0,-82.5624,39.461,118253.11,1995-08-07,1995-08-18,News,4,1000,Heavy rain,1.0,43152
987,0,USA,0,-79.4656,33.6351,176800.72,1995-08-26,1995-08-29,News,8,300,Heavy rain,1.0,29580
1000,0,USA,0,-149.768,60.8522,50389.55,1995-09-18,1995-10-16,News,0,300,Heavy rain,2.0,99605
1017,0,USA,0,-84.3681,30.6405,203495.71,1995-10-04,1995-10-08,News,19,100000,Tropical cyclone,2.0,32333
1025,0,USA,0,-80.9927,26.6361,34849.1,1995-10-13,1995-10-28,News,0,600,Heavy rain,1.0,33440
1033,0,USA,0,-122.706,46.5287,111709.95,1995-11-28,1995-12-10,News,2,15000,Rain and snowmelt,2.0,98582
1046,0,USA,0,-79.1319,41.359,136058.51,1996-01-15,1996-01-21,News,35,200000,Snowmelt,1.0,15828
1056,0,USA,0,-120.002,45.5728,482618.13,1996-02-07,1996-02-13,News,7,24900,Heavy rain,1.0,97843
1070,0,USA,0,-88.025,39.1375,394867.84,1996-05-13,1996-05-20,News,3,2500,Heavy rain,1.0,62481
1071,,USA,,-81.1983,38.4217,63664.15,1996-05-13,1996-05-20,News,0,0,,1.0,25030
1081,0,USA,,-77.5231,39.6615,18336.02,1996-06-10,1996-06-30,News,0,0,Heavy rain,1.0,21783
1092,0,USA,0,-79.2426,40.99,53521.56,1996-07-18,1996-07-21,News,2,115,Heavy rain,2.0,16240
1109,0,USA,0,-78.5415,37.0785,293737.99,1996-09-05,1996-09-13,News,34,4000,Tropical Cyclone,1.0,23947
1116,0,USA,0,-100.889,36.0084,5542.29,1996-09-18,1996-09-20,News,0,0,Brief Torrential Rain,1.0,79081
1123,0,USA,0,-72.2832,42.3331,67013.98,1996-10-19,1996-10-23,News,5,700,Heavy Rain,2.0,01031
1140,0,USA,0,-122.188,46.4439,272684.55,1996-12-26,1997-01-03,News,10,50,Rain and snowmelt,1.0,98336
1141,0,USA,0,-120.663,37.544,156686.54,1997-01-01,1997-02-01,News,20,100000,Heavy rain,2.0,95316
1146,0,USA,0,-89.0638,41.8434,30332.64,1997-02-21,1997-02-25,News,0,700,Rain and snowmelt,1.0,60553
1149,0,USA,0,-84.7835,37.9384,179911.2,1997-02-28,1997-03-15,News,50,0,Heavy rain,2.0,40372
1151,0,USA,0,-122.426,47.0502,65906.03,1997-03-15,1997-03-19,News,4,600,Heavy rain,1.0,98387
1153,0,USA,0,-95.3809,45.9476,282467.25,1997-03-22,1997-04-25,News,0,50000,Heavy rain,2.0,56319
1166,0,USA,0,-104.97,40.3845,15184.9,1997-07-25,1997-08-01,News,5,400,Heavy rain,1.0,80534
1170,0,USA,0,-112.602,35.7791,7779.06,1997-08-10,1997-08-12,News,11,350,Heavy rain,1.0,
1210,0,USA,0,-120.005,41.2971,717982.08,1996-12-26,1997-01-03,News,23,110000,Heavy rain,1.0,96104
1237,0,USA,0,-97.4788,29.5364,155894.0,1997-06-19,1997-06-23,News,3,350,Heavy rain,1.0,78629
1264,0,USA,0,-83.6856,42.8444,16278.89,1997-06-30,1997-07-03,News,16,0,Heavy rain,1.0,48430
1292,0,USA,0,-96.9889,31.4835,54842.44,1997-12-18,1997-12-22,News,4,0,Heavy rain,1.0,76682
1301,0,USA,0,-80.5265,33.3837,265450.29,1998-02-03,1998-02-24,News,42,0,Tropical cyclone,1.0,29163
1302,0,USA,Mexico,-119.707,35.1755,63270.72,1998-02-03,1998-02-21,News,13,3500,Tropical cyclone,2.0,93224
1311,0,USA,0,-86.3593,32.6867,185209.85,1998-03-07,1998-03-13,News,11,18000,Heavy rain,2.0,36022
1324,0,USA,0,-82.2758,28.5031,19146.28,1998-03-20,1998-03-24,News,0,560,Heavy rain,2.0,34602
1325,0,USA,0,-82.0641,32.3567,39686.6,1998-03-21,1998-03-23,News,0,80,Heavy rain,1.0,30439
1329,0,USA,0,-71.0969,44.1028,46556.73,1998-03-31,1998-04-07,News,0,0,Snowmelt,2.0,03845
1335,0,USA,0,-84.3936,39.593,70592.46,1998-04-15,1998-04-17,News,0,0,Brief torrential rain,1.0,45042
1340,0,USA,0,-81.7676,35.5681,79602.78,1998-04-17,1998-04-21,News,2,1200,Heavy rain,1.0,28020
1348,0,USA,0,-95.4484,35.354,287302.14,1998-04-26,1998-04-28,News,4,0,Heavy rain,1.0,74432
1355,0,USA,0,-73.127,42.2478,1697.01,1998-05-08,1998-05-10,News,0,0,Heavy rain,2.0,01253
1356,0,USA,0,-75.1601,40.0212,15355.36,1998-05-11,1998-05-13,News,0,124,Heavy rain,1.0,19144
1385,0,USA,0,-70.6583,44.0151,19951.35,1998-06-13,1998-06-19,News,1,0,Heavy rain,2.0,04055
1401,0,USA,0,-93.0881,39.7927,73860.39,1998-06-13,1998-06-17,News,0,1000,Heavy rain,2.0,64628
1402,0,USA,0,-120.452,37.384,4080.72,1998-06-14,1998-06-15,News,0,0,Snowmelt,1.0,95340
1409,0,USA,0,-71.8819,44.1768,18116.79,1998-06-24,1998-07-01,News,21,11000,Brief torrential rain,2.0,03585
1373,0,USA,0,-120.297,44.5387,26249.5,1998-05-28,1998-06-03,News,0,1600,Heavy rain,1.0,97750
1425,0,USA,0,-88.0318,42.211,54155.77,1998-08-04,1998-08-06,News,2,600,Brief torrential rain,2.0,60047
1432,0,USA,Mexico,-98.3212,26.56,90194.84,1998-08-22,1998-08-27,News,17,1750,Tropical cyclone,2.0,78536
1433,0,USA,0,-77.4251,35.0976,42372.92,1998-08-27,1998-08-29,News,2,17000,Tropical cyclone,1.0,28585
1437,0,USA,0,-84.6151,30.511,29738.8,1998-09-03,1998-09-03,News,3,65,Brief torrential rain,1.0,32351
1441,0,USA,0,-92.5707,29.6764,60557.25,1998-09-11,1998-09-14,News,1,17,Tropical cyclone,1.0,70542
1447,0,USA,0,-87.05,30.6642,214764.31,1998-09-15,1998-09-16,News,4,0,Tropical cyclone,1.0,32570
1448,0,USA,0,-94.1557,38.9567,6064.27,1998-10-06,1998-10-07,News,11,0,Heavy rain,1.0,64075
1459,0,USA,0,-98.3901,29.4084,20712.8,1998-10-17,1998-10-23,News,29,5300,Heavy rain,2.0,78220
1465,0,USA,0,-95.4115,36.7439,50302.57,1998-10-30,1998-10-31,News,1,2000,Heavy rain,1.0,74048
1470,0,USA,0,-95.4957,30.8786,15178.46,1998-11-13,1998-11-15,News,0,100,Heavy rain,1.0,77320
1479,0,USA,0,-121.499,45.7332,105292.02,1998-12-27,1998-12-30,News,0,70,Heavy rain,1.0,98651
1485,0,USA,,-86.4337,39.2186,18264.99,1999-01-04,1999-01-10,News,0,0,0,1.0,47408
1486,0,USA,,-82.9781,40.092,21898.24,1999-01-04,1999-01-10,News,0,0,0,1.0,43229
1487,0,USA,0,-94.7091,32.2778,56744.18,1999-02-01,1999-02-05,News,0,0,Heavy rain,1.0,75652
1501,0,USA,0,-97.211,48.7569,9610.7,1999-04-01,1999-04-14,News,0,0,Snowmelt,1.0,58236
1506,0,USA,0,-106.211,40.5341,58491.35,1999-04-29,1999-05-06,News,0,450,Heavy rain,2.0,80430
1520,0,USA,0,-97.1147,37.6634,263026.77,1999-06-28,1999-07-05,News,4,50,Brief torrential rain,1.0,67002
1524,0,USA,0,-118.292,39.3177,4316.89,1999-07-08,1999-07-09,News,2,0,Brief torrential rain,1.0,89406
1531,0,USA,0,-94.4195,43.794,56673.45,1999-07-02,1999-07-24,News,1,1500,Brief torrential rain,2.0,56088
1538,0,USA,0,-101.639,43.9886,73290.6,1999-08-06,1999-08-08,News,1,0,Heavy rain,1.0,57567
1544,0,USA,0,-92.7549,50.3392,29344.17,1999-07-04,1999-07-05,News,0,0,Heavy rain,1.0,
1555,0,USA,0,-76.7187,38.6028,175232.64,1999-09-14,1999-10-10,News,68,35000,Tropical cyclone,2.0,20608
1570,0,USA,0,-124.075,45.1703,18279.39,1999-11-26,1999-11-28,News,0,100,Heavy rain,2.0,97112
1585,0,USA,0,-83.55,37.7227,55642.9,2000-02-18,2000-02-22,News,8,40,Heavy rain,1.0,41301
1594,0,USA,0,-99.9306,33.7394,24096.74,2000-03-29,2000-03-31,News,3,0,Brief torrential rain,1.0,79505
1652,0,USA,0,-113.627,33.7958,313.934,2000-10-22,2000-10-23,News,1,500,Brief torrential rain,1.0,85348
1659,0,USA,0,-155.099,19.7397,86.6495,2000-11-02,2000-11-03,News,0,100,Heavy rain,1.0,96781
1661,0,USA,0,-99.3783,30.6009,9655.08,2000-11-02,2000-11-07,News,6,0,0,1.0,76854
1697,0,USA,0,-90.3139,41.5085,24.3252,2001-02-27,2001-03-01,News,0,200,Ice jam/break-up,2.0,61241
1712,0,USA,0,-90.4728,42.657,63376.98,2001-04-15,2001-05-15,News,1,4400,Snowmelt,2.0,53807
1723,0,USA,0,-66.841,18.0491,245.95,2001-05-06,2001-05-07,News,2,0,Heavy rain,1.0,00698
1729,0,USA,0,-157.137,64.9787,4095.94,2001-05-24,2001-05-30,News,0,32,Ice jam/break-up,1.0,
1733,0,USA,0,-93.6825,29.7675,32060.65,2001-06-06,2001-06-13,News,47,30000,Tropical cyclone,1.0,77655
1746,0,USA,0,-81.8767,37.8401,8533.79,2001-07-08,2001-07-09,News,2,6000,Heavy rain,2.0,25654
1754,0,USA,0,-84.5578,39.5376,1713.61,2001-07-17,2001-07-18,News,3,0,Brief torrential rain,2.0,45064
1761,0,USA,0,-81.566,37.3243,14006.98,2001-07-29,2001-07-29,News,2,300,Heavy rain,1.0,24830
1769,0,USA,0,-83.0259,37.0795,19308.47,2001-08-03,2001-08-04,News,2,100,Heavy rain,1.0,41821
1825,0,USA,0,-99.8764,29.8942,7733.72,2001-11-15,2001-11-19,News,10,0,Heavy rain,1.0,78828
1829,0,USA,0,-89.8684,35.1833,132283.24,2001-11-28,2001-12-07,News,1,400,Heavy rain,1.0,38134
1840,0,USA,0,-91.7958,34.9309,45272.89,2001-12-17,2001-12-25,News,3,100,Heavy rain,1.0,72176
1867,0,USA,0,-85.6892,35.6744,87111.92,2002-01-23,2002-01-29,News,6,0,Heavy rain,1.0,37110
1868,0,USA,0,-157.92,21.361,655.981,2002-01-26,2002-01-28,News,3,0,Heavy rain,1.0,96860
1904,0,USA,0,-89.5756,46.4874,22335.39,2002-04-17,2002-04-22,News,0,300,Heavy rain,2.0,49910
1911,0,USA,0,-99.3162,32.7318,312.833,2002-04-25,2002-04-27,News,1,32,Heavy rain,2.0,76430
1916,0,USA,0,-81.9867,37.5469,19788.37,2002-05-02,2002-05-08,News,9,1000,Heavy rain,1.0,25651
1919,0,USA,0,-88.2883,39.1954,257337.97,2002-05-07,2002-06-08,News,9,100,Heavy rain,1.0,62436
1920,0,USA,0,-157.366,59.4398,684.754,2002-05-07,2002-05-09,News,0,24,Ice jam/break-up,1.0,
1927,0,USA,0,-75.8722,41.2484,654.578,2002-05-28,2002-05-30,News,0,0,Heavy rain,1.0,18702
1935,0,USA,0,-77.1518,42.8491,5261.39,2002-05-30,2002-06-01,News,0,0,Heavy rain,2.0,14561
1937,0,USA,0,-91.0233,42.2633,43981.36,2002-06-04,2002-06-06,News,0,500,Heavy rain,1.0,52033
1943,0,USA,0,-95.9064,47.3407,47497.79,2002-06-08,2002-06-29,News,0,0,Heavy rain,2.0,56557
1950,0,USA,0,-72.4438,44.533,11377.32,2002-06-12,2002-06-14,News,0,0,Heavy rain,1.0,05680
1979,0,USA,0,-101.738,41.0922,712.688,2002-07-06,2002-07-08,News,1,0,Heavy rain,1.0,69153
2006,0,USA,0,-80.6862,37.2114,2046.79,2002-07-25,2002-07-27,News,0,100,Heavy rain,1.0,24167
2007,0,USA,0,-156.216,62.2333,17605.45,2002-04-27,2002-05-31,News,0,0,Snowmelt,1.0,
2056,0,USA,0,-96.0297,29.6511,97964.82,2002-09-06,2002-09-19,News,0,0,Heavy rain,1.0,77485
2057,0,USA,0,-84.8804,31.0424,5643.54,2002-09-21,2002-09-24,News,0,0,Heavy rain,1.0,39845
2063,0,USA,0,-90.0119,29.8703,31074.07,2002-09-26,2002-09-29,News,1,2500,Tropical cyclone,1.0,70056
2064,0,USA,0,-83.9795,22.3815,20039.47,2002-09-29,2002-10-07,News,8,317000,Heavy rain,1.0,
2066,0,USA,0,-89.9243,34.6073,11708.02,2002-10-10,2002-10-12,News,3,0,Heavy rain,1.0,38668
2067,0,USA,0,-99.2878,26.7222,16617.71,2002-10-10,2002-10-15,News,1,800,Heavy rain,1.0,78564
2075,0,USA,0,-150.891,60.3357,13912.96,2002-10-24,2002-10-28,News,0,0,Heavy rain,2.0,99669
2076,0,USA,0,-96.0297,29.6511,106239.37,2002-10-23,2002-11-13,News,1,75,Heavy rain,1.0,77485
2091,0,USA,0,-147.024,64.5052,590.451,2002-11-19,2002-11-21,News,0,0,Ice jam/break-up,1.0,99702
2096,0,USA,0,-151.454,59.9306,1721.59,2002-11-23,2002-11-25,News,0,0,Heavy rain,1.0,99556
2104,0,USA,0,-122.478,38.9397,44627.03,2002-12-14,2002-12-24,News,6,0,Heavy rain,1.0,95457
2113,0,USA,0,-124.001,40.2055,20634.73,2002-12-28,2002-12-31,News,0,0,Heavy rain,1.0,95560
2115,0,USA,0,-92.6206,31.8332,457677.64,2003-01-01,2003-01-06,News,0,0,Heavy rain,1.0,71483
2121,0,USA,0,-147.248,64.6959,1681.67,2003-01-04,2003-01-08,News,0,0,Ice Jams,1.0,99705
2155,0,USA,0,-119.012,34.3071,29456.33,2003-02-12,2003-02-13,News,0,0,Heavy rain,1.0,93066
2159,0,USA,0,-82.2846,37.6968,42499.87,2003-02-15,2003-02-18,News,2,100,Rain and snow,1.0,25661
2167,0,USA,0,-90.0652,31.4633,785574.94,2003-02-22,2003-03-17,News,1,0,Heavy rain,1.0,39656
2168,0,USA,0,-80.6513,37.679,82478.43,2003-02-22,2003-02-23,News,2,0,Heavy rain,1.0,24993
2177,0,USA,0,-88.0179,37.411,32682.01,2003-02-26,2003-03-07,News,0,0,Heavy rain,1.0,42403
2182,0,USA,0,-104.729,47.7159,30706.8,2003-03-17,2003-03-21,News,0,0,Ice Jams,1.0,59243
2183,0,USA,0,-81.7756,35.1516,269996.83,2003-03-19,2003-03-31,News,0,0,Heavy rain,1.0,29341
2203,0,USA,0,-88.6506,32.3342,83502.65,2003-04-07,2003-04-10,News,0,100,Heavy rain,2.0,39301
2219,0,USA,0,-148.177,64.9771,6718.98,2003-04-29,2003-05-04,News,0,0,Ice Jams,1.0,99709
2223,0,USA,0,-83.023,38.2891,4845.05,2003-05-05,2003-05-06,News,0,200,Heavy rain,1.0,41143
2225,0,USA,0,-85.4845,35.2142,313672.72,2003-05-06,2003-05-14,News,3,2000,Heavy rain,2.0,37397
2229,0,USA,0,-87.7071,46.6398,856.765,2003-05-14,2003-05-17,News,0,1752,"Dam/Levy, break or release",1.0,49849
2237,0,USA,0,-78.4955,37.2228,17832.44,2003-05-25,2003-05-30,News,1,0,Heavy rain,1.0,23960
2253,0,USA,0,-82.3633,38.3574,60614.8,2003-06-13,2003-06-19,News,7,1500,Heavy rain,1.0,25705
2259,0,USA,0,-81.8936,27.2672,18773.56,2003-06-22,2003-06-28,News,0,250,Heavy rain,1.0,34266
2262,0,USA,0,-97.0958,40.7146,41056.59,2003-06-23,2003-06-26,News,1,0,Heavy rain,1.0,68405
2273,0,USA,0,-85.9761,39.7887,150549.91,2003-07-05,2003-07-21,News,3,1200,Heavy rain,2.0,46229
2286,0,USA,0,-80.9253,41.0649,12173.27,2003-07-21,2003-07-28,News,3,1000,Heavy rain,1.0,44401
2295,0,USA,0,-149.976,63.9124,13111.55,2003-07-27,2003-07-31,News,0,20,Heavy rain,1.0,99743
2324,0,USA,0,-115.508,35.5295,34209.05,2003-08-19,2003-08-21,News,0,0,Torrential Rain,1.0,92366
2325,0,USA,0,-84.6831,38.1186,10537.09,2003-08-22,2003-08-22,News,2,0,Torrential rain,1.0,40347
2333,0,USA,0,-115.879,34.2795,5002.79,2003-08-26,2003-08-26,News,3,30,Brief torrential rain,1.0,92277
2342,0,USA,0,-86.6173,39.7344,32128.23,2003-09-01,2003-09-09,News,1,500,Heavy rain,2.0,46121
2341,0,USA,0,-96.3291,38.5104,1168.71,2003-08-30,2003-08-31,News,6,0,Brief torrential rain,2.0,66835
2352,0,USA,0,-78.4245,37.3311,171199.17,2003-09-18,2003-09-24,News,7,2500,Tropical Cyclone,1.0,23901
2349,0,USA,0,-75.4413,39.8192,2826.32,2003-09-15,2003-09-16,News,0,200,Heavy rain,1.0,19061
2366,0,USA,0,-99.2055,27.6304,62960.79,2003-10-12,2003-10-24,News,0,50,Heavy rain,2.0,78041
2382,0,USA,0,-118.273,33.8989,254.649,2003-11-12,2003-11-13,News,18,0,Brief torrential rain,1.0,90247
2388,0,USA,0,-79.3157,38.8759,213997.96,2003-11-19,2003-11-22,News,9,250,Heavy rain,2.0,26884
2411,0,USA,0,-117.246,34.2005,257.162,2003-12-25,2003-12-26,News,15,0,Heavy rain,1.0,92404
2412,0,USA,0,-85.3878,38.677,167998.11,2004-01-04,2004-01-16,News,2,60,Heavy rain,1.0,40045
2446,0,USA,0,-83.7764,37.7875,70496.68,2004-03-05,2004-03-07,News,3,0,Heavy rain,1.0,40376
2455,0,USA,0,-95.9635,37.1562,108613.62,2004-03-04,2004-03-08,News,0,30,Heavy rain,1.0,67347
2462,0,USA,Canada,-97.9994,48.162,30761.93,2004-03-28,2004-04-11,News,0,1000,Rain and snowmelt,2.0,58224
2476,0,USA,0,-93.2793,35.7496,177018.72,2004-04-24,2004-05-02,News,4,0,Heavy rain,1.0,72628
2478,0,USA,0,-96.95,32.0697,18401.2,2004-04-30,2004-05-01,News,6,0,Brief torrential rain,1.0,76670
2482,0,USA,0,-96.5166,30.8453,7786.59,2004-05-13,2004-05-15,News,0,250,Heavy rain,1.0,77859
2485,0,USA,0,-90.0126,41.9518,117312.56,2004-05-22,2004-05-26,News,1,150,Heavy rain,1.0,61285
2488,0,USA,0,-83.8407,37.8801,59887.68,2004-05-27,2004-06-01,News,3,0,Heavy rain,1.0,40380
2491,0,USA,0,-121.357,37.9526,607.755,2004-06-03,2004-10-11,News,0,300,"Dam/Levy, break or release",1.0,95203
2494,0,USA,0,-97.291,31.0405,114505.27,2004-06-05,2004-06-10,News,0,200,Heavy rain,1.0,76501
2498,0,USA,0,-88.7195,43.4752,28979.14,2004-06-10,2004-06-21,News,0,500,Heavy rain,2.0,53922
2520,0,USA,0,-74.6219,39.7967,2441.81,2004-07-12,2004-07-15,News,0,500,Heavy rain,2.0,08088
2535,0,USA,0,-97.13,32.6528,21194.51,2004-07-28,2004-07-31,News,3,0,Heavy rain,2.0,76001
2537,0,USA,0,-82.3471,34.7498,274.971,2004-07-29,2004-07-30,News,0,60,Brief torrential rain,2.0,29605
2550,0,USA,0,-116.759,36.3928,582.05,2004-08-15,2004-08-16,News,2,0,Brief torrential rain,1.0,92328
2557,0,USA,0,-77.6284,37.3684,10713.94,2004-08-30,2004-09-01,News,7,0,Tropical cyclone,1.0,23832
2560,0,USA,Bahamas,-81.4393,27.6084,308986.37,2004-09-05,2004-09-14,News,16,300,Tropical cyclone,1.0,33825
2565,0,USA,0,-92.8998,43.3726,15942.11,2004-09-15,2004-09-19,News,1,0,Heavy rain,1.0,50472
2584,0,USA,0,-97.4818,29.9969,107063.04,2004-11-15,2004-11-29,News,3,600,Heavy rain,1.0,78612
2597,0,USA,0,-89.5703,33.963,263934.24,2004-12-07,2004-12-20,News,0,0,Heavy rain,1.0,38922
2606,0,USA,0,-85.3524,38.2106,285908.88,2005-01-05,2005-02-01,News,3,4000,Heavy rain,2.0,40067
2608,0,USA,0,-118.094,34.0959,11751.45,2005-01-08,2005-01-11,News,4,500,Heavy rain,1.0,91776
2610,0,USA,0,-113.736,37.2699,71018.19,2005-01-10,2005-01-13,News,1,850,Heavy rain,2.0,84783
2645,0,USA,0,-74.7348,42.219,130491.54,2005-04-01,2005-04-06,News,2,11000,Heavy rain,2.0,13731
2719,0,USA,0,-90.3201,30.191,50377.42,2005-08-29,2005-09-19,News,1053,500000,Tropical cyclone,2.0,70068
2735,0,USA,0,-92.9979,29.9816,33402.88,2005-09-23,2005-10-01,News,0,0,Tropical cyclone,1.0,70630
2749,0,USA,0,-72.314,43.0798,38291.77,2005-10-08,2005-10-17,News,11,3000,Heavy rain,2.0,03448
2776,0,USA,0,-121.099,39.494,140515.03,2005-12-31,2006-01-18,News,0,4000,Heavy rain,1.0,95981
2808,0,USA,0,-157.97,21.494,3020.97,2006-02-21,2006-03-06,News,0,0,Heavy rain,1.0,96786
2818,0,USA,0,-86.4197,38.254,6790.16,2006-03-12,2006-03-22,News,2,0,Heavy rain,1.0,47174
2820,0,USA,0,-159.5,22.1481,585.622,2006-03-14,2006-03-23,News,7,0,"Dam/Levy, break or release",1.0,96722
2822,0,USA,0,-96.9701,33.1445,16205.26,2006-03-18,2006-03-25,News,1,0,Heavy rain,1.0,75068
2829,0,USA,0,-96.8936,47.0035,15349.57,2006-03-30,2006-04-25,News,1,0,Rain and snowmelt,1.0,58042
2831,0,USA,0,-157.847,21.3538,529.715,2006-03-31,2006-04-03,News,0,0,Heavy rain,1.0,96835
2834,0,USA,0,-120.675,37.6911,44107.11,2006-04-04,2006-04-17,News,1,600,Heavy rain,1.0,95386
2864,0,USA,0,-70.7895,43.1639,42910.99,2006-05-11,2006-05-22,News,1,2500,Heavy rain,2.0,03903
2871,0,USA,0,-88.5858,36.9628,17035.91,2006-05-25,2006-05-28,News,6,0,Brief torrential rain,1.0,42003
2874,0,USA,0,-94.7275,30.1671,39986.1,2006-05-28,2006-06-02,News,0,0,Heavy rain,2.0,77564
2881,0,USA,0,-117.219,40.8331,85035.01,2006-04-07,2006-06-03,News,0,0,Heavy rain,1.0,89414
2882,0,USA,0,-159.327,63.2944,86843.55,2006-05-22,2006-05-29,News,0,0,Ice jam/break-up,1.0,
2892,0,USA,0,-86.911,41.4127,6787.66,2006-06-22,2006-06-25,News,2,0,Heavy rain,1.0,46390
2895,FL-2006-000093-USA,USA,0,-75.7832,40.4133,122594.39,2006-06-25,2006-07-01,News,11,65000,Heavy rain,2.0,19522
2934,0,USA,0,-81.0925,41.5191,4721.61,2006-07-27,2006-07-30,News,1,600,Heavy rain,1.0,44046
2939,0,USA,Mexico,-106.391,31.7556,3609.62,2006-07-27,2006-08-07,News,1,5000,Heavy rain,1.0,79915
2953,0,USA,0,-147.016,62.4474,123353.8,2006-08-19,2006-08-24,News,0,150,Heavy rain,1.0,
2959,0,USA,0,-77.8707,34.744,4560.17,2006-09-02,2006-09-07,News,0,140,Tropical Cyclone,1.0,28466
2966,0,USA,0,-87.6162,37.2109,146006.3,2006-09-22,2006-09-26,News,13,600,Heavy rain,1.0,42453
2973,0,USA,0,-145.994,60.8752,51559.62,2006-10-09,2006-10-14,News,0,100,Heavy rain,1.0,
2975,0,USA,0,-95.2917,29.7836,35644.75,2006-10-15,2006-11-01,News,4,0,Heavy rain,1.0,77020
2990,0,USA,0,-122.149,47.8554,57886.05,2006-11-05,2006-11-10,News,2,1500,Heavy rain,1.0,98012
3020,0,USA,0,-90.0659,34.878,434387.22,2007-01-15,2007-02-03,News,24,0,Heavy rain,1.0,38651
3037,0,USA,0,-97.9324,29.8672,11015.63,2007-03-11,2007-03-13,News,2,0,Heavy rain,1.0,78666
3052,0,USA,0,-72.189,42.3423,109079.09,2007-04-15,2007-04-21,News,9,0,Heavy rain,1.0,01031
3070,0,USA,0,-95.2382,40.4342,642775.91,2007-05-06,2007-05-18,News,2,1000,Heavy rain,1.0,64491
3083,0,USA,0,-98.6645,30.2434,341278.41,2007-05-24,2007-05-29,News,6,100,Heavy rain,1.0,78671
3102,0,USA,0,-97.3047,33.4497,34567.94,2007-06-17,2007-06-22,News,10,750,Heavy rain,1.0,76238
3106,0,USA,0,-74.9541,42.2316,6498.35,2007-06-19,2007-06-20,News,2,120,Brief torrential rain,1.0,13752
3113,0,USA,0,-97.1657,32.8366,507778.21,2007-06-26,2007-07-23,News,8,5000,Heavy rain,1.5,76053
3171,0,USA,0,-94.6379,36.8622,1216616.2,2007-08-16,2007-08-27,News,26,2800,Heavy rain,1.5,64865
3236,0,USA,,-122.912,47.091,41684.03,2007-12-03,2007-12-07,News,2,1100,Heavy rain,1.0,98506
3253,0,USA,0,-119.197,39.6308,551.192,2008-01-05,2008-01-09,News,0,1500,"Dam/Levy, break or release",1.0,89408
3255,0,USA,0,-86.6978,40.7767,102262.86,2008-01-08,2008-01-15,News,5,500,Rain and snowmelt,1.5,47950
3268,0,USA,0,-86.8374,40.8507,118976.95,2008-02-06,2008-02-12,News,0,150,Rain and snowmelt,1.5,47959
3285,0,USA,0,-89.1522,36.2266,928709.92,2008-03-17,2008-05-02,News,18,1000,Rain and snowmelt,1.5,38259
3300,0,USA,,-67.3445,46.3538,25489.82,2008-04-25,2008-05-07,News,0,2500,Rain and snowmelt,1.5,04760
3313,,USA,0,-88.4442,36.9808,337703.28,2008-05-24,2008-06-05,News,13,0,Heavy rain,1.0,42058
3317,,USA,0,-92.2335,39.8226,759750.43,2008-06-05,2008-07-03,News,0,38000,Heavy rain,2.0,63451
3340,0,USA,0,-151.02,64.2769,163705.55,2008-07-30,2008-08-11,News,0,0,heavy rain,2.0,
3357,0,USA,0,-71.4519,44.3352,53271.24,2008-08-08,2008-08-11,News,1,0,Torrential rain,2.0,03583
3358,0,USA,0,-96.3204,37.8284,136109.5,2008-08-09,2008-08-11,News,0,0,Torrential rain,1.0,67045
3363,0,USA,0,-112.735,36.2538,385.02,2008-08-17,2008-08-18,News,0,250,Dam Failure,1.5,
3364,0,USA,,-106.02,31.4889,4187.8,2008-08-17,2008-08-20,News,0,4000,heavy rain,1.5,79839
3366,FF-2008-000141-ETH,USA,0,-82.8587,29.657,98478.89,2008-08-20,2008-08-28,News,12,400,Tropical Storm Fay,2.0,32693
3370,0,USA,0,-92.493,31.3413,163438.25,2008-09-01,2008-09-02,News,0,0,Hurricane Gustav,1.5,71301
3379,0,USA,0,-90.4534,35.0542,652500.87,2008-09-12,2008-09-16,News,8,200000,Tropical Storm Ike,1.5,72346
3403,FF-2008-000227-ETH,USA,0,-122.774,47.0143,75156.68,2008-11-06,2008-11-12,News,2,0,Heavy Rain,1.5,98503
3419,0,USA,0,-155.457,19.6228,4904.87,2008-12-11,2008-12-15,News,0,0,Heavy Rain,1.0,96771
3423,0,USA,0,-89.4584,41.0441,313350.84,2008-12-10,2008-12-17,News,0,0,Heavy Rain,1.0,61565
3424,0,USA,0,-123.524,44.6568,66257.06,2008-12-26,2008-12-28,News,0,0,Snowmelt,1.0,97326
3430,0,USA,,-123.769,42.8402,35113.3,2008-12-29,2009-01-19,News,0,10000,Heavy Rain,1.0,97416
3449,0,USA,0,-122.912,46.9122,47811.61,2009-02-09,2009-02-10,News,9,0, Torrential Rain,1.5,98501
3460,0,USA,0,-91.0096,41.6768,94116.41,2009-02-28,2009-03-03,News,5,300,Heavy Rain,1.0,52721
3464,0,USA,0,-97.0308,48.2491,39742.02,2009-03-17,2009-03-19,News,1,330,Heavy Rain,1.0,56710
3469,0,USA,0,-85.2333,30.8386,82061.7,2009-03-30,2009-03-31,News,0,0,Heavy Rain,1.5,32446
3474,0,USA,0,-95.5153,29.6701,6812.65,2009-04-17,2009-04-27,News,0,20000,Heavy Rain,1.0,77074
3476,0,USA,0,-142.302,65.4351,484756.54,2009-04-22,2009-05-14,News,39,408000,Heavy Rain,2.0,
3478,0,USA,0,-81.2838,37.6558,16459.25,2009-05-03,2009-05-08,News,47,65000,Tropical Storms,1.5,25857
3484,0,USA,0,-81.2123,28.9812,13738.76,2009-05-15,2009-05-21,News,21,0,Heavy Rain,1.5,32744
3488,0,USA,0,-84.5801,42.2942,33319.22,2009-06-10,2009-06-12,News,18,0,Heavy Rain,1.0,49269
3525,0,USA,0,-85.6925,37.0741,6534.85,2009-08-04,2009-08-05,0,0,0,Torrential Rain,1.0,42154
3544,FL-2009-000203-USA,USA,0,-84.8404,34.3646,225395.01,2009-09-21,2009-09-28,0,8,220,Heavy Rain,1.5,30103
3561,0,USA,,-3.12416,55.6621,14193.55,2009-11-01,2009-11-03,0,0,0,Heavy Rain,1.0,
3567,0,USA,0,-83.7465,35.1595,468142.06,2009-11-10,2009-11-13,0,0,0,Tropical Storm Ida,1.0,28901
3580,0,USA,0,-86.4816,32.4653,314990.21,2009-12-12,2009-12-15,0,0,0,Heavy Rain,1.0,36066
3595,0,USA,,-121.527,37.4251,103982.65,2010-01-18,2010-01-22,0,3,0,Torrential Rain,1.5,95140
3622,0,USA,0,-86.3795,32.8939,48982.93,2010-03-10,2010-03-17,0,0,0,Heavy Rain,1.0,35183
3625,0,USA,0,-78.1191,41.3644,1015176.36,2010-03-10,2010-03-24,0,0,0,Heavy Rain Snowmelt Dam B,1.0,15832
3629,0,USA,0,-74.873,39.4866,240301.51,2010-03-27,2010-03-31,0,0,0,Heavy Rain,2.0,08350
3641,0,USA,0,-87.2776,36.0678,79123.97,2010-05-01,2010-05-04,0,30,8000,Heavy Rain,1.0,37029
3659,0,USA,0,-94.0948,34.5778,12234.56,2010-06-11,2010-06-11,0,20,0,Torrential Rain,2.0,71953
3689,0,USA,0,-91.0026,41.0582,214908.29,2010-07-25,2010-07-25,0,1,500,"Dam Failure, Heavy Rain",1.0,52646
3702,0,USA,0,-93.4672,42.3135,8257.4,2010-08-10,2010-08-11,News,1,1000,Torrential Rain,1.0,50230
3711,0,USA,,-97.065,28.89,15031.48,2010-09-07,2010-09-11,News,8,0,Tropical Storm Hermine,1.0,77904
3722,0,USA,0,-90.18,44.01,3873.19,2010-09-22,2010-09-30,News,0,0,Heavy Rain,2.0,54646
3762,0,USA,,-120.733,38.8497,355567.84,2010-12-19,2010-12-28,News,0,1000,Heavy Rain,1.5,95633
3785,,USA,,-83.56,36.7798,1163517.11,2011-03-07,2011-03-28,News,1,0,Heavy Rain and Snow,1.5,40856
3799,,USA,Canada,-97.2192,48.6788,46208.32,2010-04-01,2011-05-24,News,5,3600,Heavy Rain and Snowmelt,2.0,58225
3802,,USA,,-79.3526,38.62,211220.92,2011-04-18,2011-04-25,News,3,0,Torrential Rain,1.0,26807
3809,,USA,,-90.8266,34.0959,239421.33,2011-05-01,2011-06-09,News,1,25000,Heavy Rain,2.0,38720
3813,,USA,,-105.666,45.2971,171530.74,2011-05-22,2011-06-21,News,1,1100,Heavy Rain and Snowmelt,2.0,59317
3815,,USA,,-99.4732,43.5376,23537.98,2011-06-04,2011-07-29,News,0,4600,"Heavy Rain,and Dam release",1.5,57534
3832,,USA,Canada,-101.306,48.3406,16000.97,2011-06-20,2011-07-06,News,0,16000,Heavy Rain,2.0,58703
3849,,USA,,-79.3744,35.8055,26044.85,2011-08-06,2011-08-09,News,2,100,Torrential Rain,1.5,27349
3861,,USA,,-74.0621,40.1862,252912.89,2011-08-27,2011-09-13,News,20,370000,Tropical Storm Irene,2.0,07753
3905,,USA,,-159.53,22.0625,2046.16,2012-03-04,2012-03-07,News,0,83,Heavy Rain,1.5,96741
3937,,USA,,-85.5123,30.3632,20116.97,2012-06-09,2012-06-12,News,1,300,Torrential Rain,1.5,32466
3938,,USA,,-82.4958,28.9635,67994.98,2012-06-22,2012-07-02,News,3,17000,Tropical Storm Debby,2.0,34433
3948,,USA,,-95.8087,29.578,24530.67,2012-07-13,2012-07-16,News,0,100,Torrential Rain,1.5,77471
3977,,USA,,-89.346,30.503,83938.23,2012-08-28,2012-09-07,News,1,60000,Hurricane Isaac,1.5,39571
3989,,USA,,-149.932,63.1691,8846.21,2012-09-20,2012-09-26,News,0,2000,Heavy Rain,1.0,
3997,TC-2012-000180-CUB; TC-2012-000180-,USA,Haiti,-75.228,39.9231,293995.06,2012-10-24,2012-10-29,News,65,0,Tropical Storm Sandy,2.0,19142
4050,,USA,,-88.6401,38.8278,493136.77,2013-04-22,2013-04-29,News,5,300,Heavy Rain,1.5,62426
4051,,USA,Canada,-97.5977,48.5643,43180.94,2013-04-27,2013-04-29,News,0,0,Heavy Rain and Snowmelt,1.0,58243
4060,,USA,,-98.8879,28.899,33907.85,2013-05-25,2013-05-28,News,3,300,Heavy Rain,2.0,78005
4061,,USA,,-93.3867,41.9211,123500.44,2013-05-25,2013-06-03,News,0,400,Heavy Rain,1.0,50161
4064,,USA,,-91.6341,37.0898,170079.48,2013-05-25,2013-06-03,News,5,0,Torrential Rain,1.5,65571
4080,,USA,,-94.1535,38.2138,123143.44,2013-08-05,2013-08-07,News,2,100,Torrential Rain,1.5,64724
4089,,USA,,-105.143,38.0024,100404.04,2013-09-12,2013-09-20,News,10,11000,Monsoon Rain,2.0,81023
4101,,USA,,-98.0111,30.6607,38936.39,2013-10-31,2013-11-10,News,4,4800,Torrential Rain,2.0,78642
4115,,USA,,-86.7899,37.5597,16069.91,2013-12-22,2014-01-04,News,5,0,Heavy Rain,1.0,42338
4124,SS-2014-000032-MHL,USA,,168.729,7.30951,34.8366,2014-03-03,2014-03-10,News,0,900,Storm Surge,1.5,
4129,,USA,,-89.1282,31.4244,53220.79,2014-03-25,2014-03-30,News,0,200,Heavy Rain,1.5,39464
4134,,USA,,-87.6188,31.8585,82418.56,2014-04-01,2014-04-08,News,2,300,heavy Rain,1.5,36751
4135,,USA,,-84.9465,31.2966,260469.81,2014-04-30,2014-05-01,News,1,200,Torrential Rain,2.0,39823
4152,,USA,,-94.7944,42.708,418317.13,2014-06-10,2014-07-14,News,0,600,Heavy Rain,2.0,50574
4160,,USA,,-134.446,58.1993,2950.82,2014-07-11,2014-07-14,News,0,0,Jökulhlaup,1.0,99824
4177,,USA,,-83.3134,42.5291,11462.27,2014-08-10,2014-08-19,News,1,0,Torrential Rain,2.0,48025
4195,,USA,,-80.4061,26.9326,8447.1,2014-10-21,2014-10-22,News,0,0,Torrential Rain,1.0,34956
4208,,USA,,-117.212,35.4299,202666.27,2014-12-01,2014-12-05,News,0,40,Torrential Rain,1.0,93562
4213,,USA,,-123.101,39.7967,70255.56,2014-12-11,2014-12-14,News,3,0,Torrential Rain,1.0,95428
4230,,USA,,-86.2332,37.0268,56870.12,2015-03-10,2015-03-23,News,0,0,Heavy Rain,1.5,42159
4252,FL-2015-000060-USA,USA,,-97.9863,34.1936,849464.57,2015-05-05,2015-06-29,News,38,600,Heavy Rain,2.0,73573
4267,,USA,,-84.7486,39.3942,161572.75,2015-06-27,2015-06-29,News,2,0,Heavy Rain,1.0,45053
4274,,USA,,-83.165,38.3887,44261.07,2015-07-18,2015-07-21,News,3,0,Torrential Rain,1.5,41164
4279,,USA,,-113.587,34.1148,109391.2,2015-07-17,2015-07-21,News,0,0,Torrential Rain,1.5,
4295,,USA,,-80.4927,33.5033,61355.23,2015-10-01,2015-10-13,News,15,800,"Heavy Rain, Tropical Storm Joaquin",2.0,29142
4311,,USA,,-100.238,33.9839,439381.83,2015-11-26,2015-12-04,News,14,300,Heavy Rain,1.0,79248
4314,,USA,,-91.0829,35.6658,526834.76,2015-12-15,2016-01-29,News,31,4000,Heavy Rain,2.0,72005
4320,,USA,,-74.6532,39.9212,12448.8,2016-01-22,2016-01-25,News,8,0,Storm Surge,1.5,08068
4336,,USA,,-122.284,38.6065,74128.03,2016-03-05,2016-03-10,News,1,36,Heavy Rain,1.5,94574
4337,,USA,,-96.1058,30.9086,248620.08,2016-03-08,2016-03-25,News,5,3500,Heavy Rain,2.0,77872
4348,,USA,,-95.7347,32.0475,448237.11,2016-04-18,2016-04-22,News,0,7,Heavy Rain,2.0,75853
4359,FL-2016-000056-USA,USA,,-95.5367,30.8574,160371.39,2016-05-26,2016-06-24,Flood List,11,0,Heavy Rain,1.5,77320
4368,,USA,,-80.5545,38.9452,57042.99,2016-06-23,2016-06-24,News,25,2000,Torrential Rain,2.0,26447
4386,,USA,,-77.2142,39.3339,4161.4,2016-07-30,2016-07-31,News,2,0,Torrential Rain,2.0,21770
4389,,USA,,-91.7757,43.0044,17367.94,2016-08-24,2016-08-26,News,1,0,Torrential Rain,1.5,52175
4388,,USA,,-91.8005,29.9879,19554.02,2016-08-14,2016-08-26,News,13,40000,Heavy Rain,2.0,70560
4393,,USA,,-82.7443,29.0656,92386.25,2016-09-02,2016-09-10,News,2,0,Tropical Storm Hermine,1.0,34498
4402,,USA,Haiti,-80.8949,33.0316,138622.34,2016-10-05,2016-10-16,News,920,6000,Tropical Storm Matthew,2.0,29082
4434,,USA,,-122.458,39.6236,107407.26,2017-01-04,2017-01-05,News,0,0,Heavy Rain,1.5,95939
4438,,USA,,-119.043,35.0839,74443.11,2017-01-20,2017-01-21,News,0,0,Heavy Rain,1.0,93313
4444,,USA,,-120.825,38.804,126994.99,2017-02-16,2017-03-03,News,5,14000,Heavy Rain,1.5,95633
4454,,USA,,-116.123,45.5453,75112.79,2017-03-18,2017-03-22,News,0,0,Heavy Rain and Snowmelt,1.0,83542
4468,,USA,,-91.1819,37.5744,482098.66,2017-04-28,2017-05-02,News,0,0,Heavy Rain,1.5,65440
4469,,USA,,-81.5814,34.9912,133033.09,2017-04-26,2017-05-02,News,1,0,Heavy Rain,1.5,29340
4477,,USA,,-86.3816,37.5473,69077.91,2017-05-19,2017-05-21,News,0,0,Torrential Rain,1.0,40152
4493,,USA,,-111.62,34.2375,9110.64,2017-07-15,2017-07-16,News,9,0,Torrential Rain,2.0,85544
4494,,USA,,-84.2042,38.4883,3337.42,2017-07-22,2017-07-23,News,1,10,Torrential Rain,1.5,41031
4510,,USA,,-95.3388,30.1135,336227.02,2017-08-25,2017-08-26,News,0,0,Tropical Storm Harvey,2.0,77386
4514,,USA,,-94.646,39.1877,4765.56,2017-08-22,2017-08-26,News,1,36,Torrential Rain,1.5,64150
4516,TC-2017-000132-CUB,USA,Cuba,-81.6252,28.5942,219532.85,2017-09-08,2017-09-19,News,84,3000,Tropical Storm Irma,2.0,34756
4523,TC-2017-0000136-ATG,USA,Virgin Islands,-77.1771,21.4518,49677.14,2017-09-19,2017-10-07,News,10,0,Tropical Storm Maria,2.0,
4560,,USA,,-118.4,33.8689,12771.17,2018-01-09,2018-01-11,News,15,1200,Torrential Rain,2.0,90266
4571,,USA,,-84.2042,37.4097,49388.31,2018-02-10,2018-02-12,News,0,100,Heavy Rain,1.0,40460
4575,,USA,,-86.0243,41.9359,71930.31,2018-02-19,2018-02-21,News,2,50,Heavy Rain and Snowmelt,1.5,49031
4589,,USA,,-121.122,37.9118,51513.38,2018-03-21,2018-03-24,FloodList,0,30000,Heavy Rain,1.5,95215
4594,,USA,,-88.1137,38.2921,58373.43,2018-04-03,2018-04-08,FloodList,0,12,Torrential Rain,1.5,62833
4601,,USA,,-159.489,22.1409,623.434,2018-04-14,2018-04-17,FloodList,0,0,Heavy Rain,1.0,96722
4610,,USA,,-112.61,46.3871,55437.8,2018-05-07,2018-05-14,News,0,195,Heavy Rain and Snowmelt,1.0,59722
4618,,USA,,-77.9936,37.7166,33123.01,2018-05-10,2018-05-22,News,0,0,Heavy Rain,1.5,23014
4625,,USA,Cuba,-84.4022,34.0254,221576.46,2018-05-27,2018-05-31,FloodList,3,23000,Tropical Storm Alberto,1.5,30075
4626,,USA,,-76.8306,39.2531,1507.96,2018-05-27,2018-05-28,FloodList,1,200,Torrential Rain,2.0,21042
4630,,USA,,-79.0823,38.7086,20688.31,2018-06-02,2018-06-04,FloodLIst,0,0,Heavy Rain,1.5,22820
4633,,USA,,-88.9797,46.6721,10654.03,2018-06-16,2018-06-19,FloodLIst,0,0,Torrential Rain,1.0,49948
4637,,USA,,-93.3593,41.964,13708.59,2018-06-20,2018-07-02,FloodList,1,100,Heavy Rain,1.5,50056
4651,,USA,,-71.585,42.3869,5095.45,2018-07-17,2018-07-19,FloodList,0,0,Torrential Rain,1.5,01749
4669,,USA,,-76.7193,40.2696,25377.62,2018-08-31,2018-09-01,FloodList,1,0,Torrential Rain,1.5,17036
4670,,USA,,-155.441,19.6689,7451.62,2018-08-22,2018-08-31,FloodList,0,50,Tropical Storm Lane,2.0,96771
4672,,USA,,-96.91,38.8297,40006.3,2018-09-01,2018-09-07,FloodList,0,300,Torrential Rain,1.5,67492
4676,,USA,,-78.9091,35.0642,95203.22,2018-09-15,2018-10-02,FloodList,12,1500000,Tropical Stom Florence,2.0,28305
4678,,USA,,-84.2042,35.2403,8943.56,2018-09-26,2018-09-28,FloodList,1,40,Torrential Rain,1.5,37333
4679,,USA,,-73.6264,41.1607,7688.76,2018-09-24,2018-09-28,FloodList,0,0,Torrential Rain,1.5,10506
4687,,USA,,-82.0268,33.6279,289139.57,2018-10-10,2018-10-12,FloodList,0,5000,Tropical Storm Michael,1.5,29860
4693,,USA,,-98.4317,30.7598,52970.8,2018-10-15,2018-10-17,FloodList,4,0,Torrential Rain,1.5,78609
4696,,USA,,-98.6544,27.8839,83020.68,2018-10-24,2018-10-27,River Gauging,0,0,Heavy Rain,1.0,78357
4711,,USA,,-120.058,35.7787,72393.23,2018-12-05,2018-12-10,FloodList,0,0,Heavy Rain,1.5,93204
4727,,USA,,-122.829,38.9788,21540.28,2019-02-25,2019-03-04,FloodLIst,1,8000,Heavy Rain,1.5,95451
4730,,USA,,-94.448,40.2782,492797.37,2019-03-13,2019-04-02,FloodList,3,0,"Snowmelt, Heavy Rain, Ice Jams",2.0,64453
4747,,USA,,-90.9839,38.3936,429706.84,2019-04-30,2019-06-10,FloodList,2,0,Heavy Rain,1.5,63077
4748,,USA,,-96.279,30.3126,79587.68,2019-05-06,2019-05-14,FloodList,4,0,Torrential Rain,1.5,77880
4751,,USA,,-95.2398,36.7091,250078.73,2019-05-20,2019-05-27,FloodLIst,0,4000,Heavy Rain,2.0,74301
4770,,USA,,-76.6469,39.0794,25782.65,2019-07-10,2019-07-12,FloodList,2,100,Torrential Rain,1.5,21108
4771,,USA,,-91.751,30.1493,58048.15,2019-07-09,2019-07-13,FloodList,0,50,Torrential Rain and Tropical Storm,1.5,70582
4797,,USA,,-95.4473,29.4687,33023.95,2019-09-19,2019-09-22,FloodList,6,0,Tropical Storm Imelda,2.0,77545
4854,,USA,,-86.728,35.6388,138726.87,2019-12-28,2019-12-31,FloodList,2,0,Heavy Rain,1.5,37034
4876,,USA,,-88.3364,31.8833,108059.77,2020-02-10,2020-02-17,FloodList,0,300,Heavy Rain,2.0,36908
4899,,USA,,-83.7588,39.3553,126521.34,2020-03-22,2020-04-03,FloodList,8,30,Heavy Rain,1.5,45146
4915,,USA,,-84.4764,43.2488,6215.87,2020-05-18,2020-05-20,FloodList,0,10000,Dam breaks and Heavy Rain,2.0,48806
4962,,USA,Haiti,-70.9417,19.5642,138227.84,2020-08-22,2020-08-30,FloodList,72,600000,Tropical Storm Laura,2.0,
4964,,USA,,-86.5796,32.6508,193717.87,2020-09-15,2020-09-18,FloodList,0,0,Tropical Storm Sally,2.0,36051
4991,,USA,,-79.9483,35.7337,48932.78,2020-11-10,2020-11-20,FloodLIst,7,0,Tropical Storm Eta,2.0,27350
5014,,USA,,-123.423,44.8553,68968.0,2021-01-11,2021-01-13,USGS Gauging,0,0,Heavy Rain,1.0,97344
5037,,USA,,-155.41,19.607,11889.2,2021-03-09,2021-03-11,FloodList,0,100,Heavy Rain and Dam Break,2.0,96771
5044,,USA,,-84.3156,36.833,99257.64,2021-02-28,2021-03-02,FloodList,0,0,Torrential Rain,1.5,42634
5074,,USA,,-93.1366,31.4521,90600.7,2021-05-16,2021-05-28,FloodList,0,250,Heavy Rain,2.0,71452
5081,,USA,,-84.996,33.4811,545514.29,2021-06-19,2021-06-21,FloodList,15,0,Tropical Storm Claudette,1.5,30116
5082,,USA,,-86.5177,39.196,13396.63,2021-06-18,2021-06-20,FloodList,1,0,Torrential Rain,1.5,47406
5102,,USA,,-110.581,36.419,281607.33,2021-07-22,2021-07-28,FloodList,4,0,Torrential Rain,2.0,
5117,,USA,,-86.728,35.8118,31230.27,2021-08-21,2021-08-23,FloodLIst,22,0,Torrential Rain,2.0,37046
5118,,USA,,-91.751,30.2853,39063.25,2021-08-29,2021-08-29,GFMS Prediction,95,0,Tropical Storm Ida,1.5,70517
5125,,USA,,-87.4085,33.3824,5985.94,2021-09-18,2021-09-20,FloodList,1,0,Torrential Rain,1.0,35475
5128,,USA,,-86.6291,32.4901,35416.48,2021-10-06,2021-10-09,FloodList,4,0,Torrential Rain,1.5,36067
